,Apple,Bread,Butter,Cheese,Corn,Dill,Eggs,Ice cream,Kidney Beans,Milk,Nutmeg,Onion,Sugar,Unicorn,Yogurt,chocolate
0,False,True,False,False,True,True,False,True,False,False,False,False,True,False,True,True
1,False,False,False,False,False,False,False,False,False,True,False,False,False,False,False,False
2,True,False,True,False,False,True,False,True,False,True,False,False,False,False,True,True
3,False,False,True,True,False,True,False,False,False,True,True,True,False,False,False,False
4,True,True,False,False,False,False,False,False,False,False,False,False,False,False,False,False
5,True,True,True,True,False,True,False,True,False,False,True,False,False,True,True,True
6,False,False,True,False,False,False,True,True,True,True,True,True,False,False,True,False
7,True,False,False,True,False,False,True,False,False,False,True,False,True,False,True,False
8,True,False,False,False,True,True,True,True,False,True,True,True,True,True,True,True
9,True,False,False,False,False,True,True,True,False,True,False,True,True,True,False,True
10,True,True,False,True,False,False,False,True,False,False,False,False,True,True,False,False
11,True,True,False,True,False,True,True,True,True,False,True,False,True,False,True,True
12,False,False,False,False,False,False,False,False,False,False,False,True,False,True,False,True
13,False,False,False,False,False,False,False,True,False,False,False,False,True,False,True,False
14,False,False,True,False,False,False,False,False,True,False,False,False,False,False,False,False
15,False,False,False,False,False,False,False,False,False,False,False,False,False,False,True,False
16,True,True,True,True,False,False,False,True,False,False,True,False,True,False,False,False
17,True,False,False,False,False,False,True,False,False,False,False,False,False,False,True,True
18,False,True,False,True,False,False,False,False,True,False,False,False,True,False,False,False
19,False,True,False,False,True,False,False,True,True,True,True,False,True,True,False,False
20,True,False,False,True,False,False,False,True,False,False,False,False,True,True,False,False
21,True,False,True,True,False,False,False,False,True,False,False,False,False,True,True,False
22,False,True,False,True,False,True,True,True,True,True,False,False,False,True,True,True
23,False,True,True,True,False,False,True,True,True,False,False,False,True,True,False,True
24,False,True,False,False,True,False,True,False,True,True,True,True,False,True,True,False
25,False,True,True,False,False,False,True,False,False,True,False,False,False,False,True,True
26,False,True,True,True,True,False,False,False,True,True,False,False,False,True,False,True
27,False,True,True,False,False,False,False,False,False,False,False,False,False,False,False,False
28,False,True,True,False,False,False,False,False,True,True,True,False,False,True,True,True
29,True,True,False,False,False,False,False,True,False,False,False,True,False,False,True,False
30,False,False,False,False,True,True,False,False,False,True,False,False,False,True,False,True
31,True,True,True,False,False,True,False,False,False,True,False,False,False,True,True,False
32,False,False,False,True,False,False,True,False,True,False,False,False,False,False,False,False
33,False,False,False,False,False,True,False,False,False,True,True,False,True,False,False,False
34,False,True,False,False,False,True,False,True,False,False,False,True,False,False,False,True
35,False,False,False,True,False,True,True,False,False,False,False,True,False,True,False,True
36,True,False,False,True,True,True,False,True,True,False,True,True,False,True,True,True
37,False,False,False,False,True,False,True,True,False,True,True,False,False,False,False,True
38,False,False,True,False,False,False,False,False,True,False,False,False,True,False,False,False
39,False,True,False,True,True,False,True,True,False,False,True,False,False,False,True,False
40,True,True,True,True,True,False,True,False,True,False,False,False,False,True,False,True
41,False,True,True,False,False,False,False,False,False,False,False,False,False,False,True,True
42,False,True,False,False,False,False,False,False,False,False,False,True,False,False,False,False
43,True,True,False,False,True,True,False,True,True,True,False,True,False,False,False,True
44,False,False,False,False,False,False,False,True,False,False,False,False,True,False,False,False
45,False,True,False,False,True,True,True,True,False,True,False,False,False,True,False,False
46,False,False,False,False,False,False,False,False,False,False,False,True,False,False,False,False
47,True,False,False,False,False,False,False,False,False,False,False,True,False,False,False,True
48,False,True,False,False,False,True,False,False,False,False,False,False,True,False,True,True
49,False,True,True,True,False,True,True,False,False,False,True,True,True,False,False,False
50,True,False,True,True,True,True,False,False,True,True,False,False,False,True,False,True
51,True,True,True,False,False,False,False,False,False,False,False,True,True,True,False,True
52,True,False,False,False,True,False,True,True,True,False,True,False,True,True,False,False
53,False,False,False,False,False,True,False,False,False,False,False,False,True,True,False,False
54,True,False,False,False,False,False,False,False,False,False,False,False,False,False,False,False
55,False,True,False,False,False,False,False,True,False,False,True,False,False,True,False,False
56,False,True,False,False,True,True,False,False,True,True,True,False,False,False,True,True
57,False,False,False,False,False,False,False,True,True,False,False,False,False,False,True,False
58,True,False,False,True,False,True,False,True,True,True,True,False,False,False,False,False
59,False,False,False,False,False,False,False,False,False,False,False,False,False,False,True,True
60,True,False,False,False,False,False,False,False,False,True,False,True,False,False,False,True
61,True,True,False,True,False,False,False,False,True,True,True,False,True,False,True,False
62,False,True,True,True,True,True,True,False,False,True,True,False,False,False,True,True
63,False,False,False,False,False,False,False,False,False,False,False,False,False,False,True,False
64,False,False,False,False,False,False,False,True,False,True,False,True,True,True,False,True
65,True,True,False,False,True,True,True,True,False,True,False,True,True,True,True,False
66,True,False,True,False,True,False,False,True,True,False,True,True,True,False,True,True
67,False,True,False,True,False,True,False,True,True,True,False,True,True,True,True,True
68,False,False,False,False,False,False,False,False,False,False,False,False,False,True,False,False
69,False,True,False,True,True,True,True,False,False,True,False,False,False,False,True,False
70,False,False,False,False,False,True,False,True,False,False,False,False,True,True,False,True
71,False,True,False,False,False,True,True,True,True,False,False,False,False,False,True,True
72,True,False,False,False,True,False,True,False,True,False,True,False,True,False,False,True
73,False,False,True,False,True,False,False,True,False,False,True,True,True,True,True,True
74,False,False,False,False,False,False,False,False,False,False,False,True,False,False,False,False
75,True,True,False,True,True,True,False,True,False,True,False,False,False,True,False,True
76,True,False,False,False,False,False,True,True,False,False,True,False,False,False,False,False
77,True,True,True,False,False,True,False,False,False,False,True,True,False,False,True,True
78,False,False,False,True,False,True,False,True,True,False,True,True,True,False,False,True
79,False,False,True,True,False,False,False,True,False,False,True,False,False,False,False,False
80,False,False,False,True,False,False,True,False,False,False,False,True,False,True,True,False
81,False,True,True,True,False,True,True,False,False,False,False,True,False,True,True,False
82,True,False,True,False,True,False,False,False,False,False,False,False,True,False,False,False
83,True,False,False,False,False,False,False,False,False,False,False,False,False,False,False,False
84,True,True,True,True,True,False,False,True,True,True,True,False,False,True,True,False
85,True,False,True,False,False,False,False,False,False,True,False,True,True,False,True,True
86,True,False,False,False,True,True,False,False,True,True,True,False,False,False,False,True
87,False,False,True,False,False,False,True,False,True,False,True,True,True,True,True,False
88,True,False,False,True,False,True,False,True,False,False,False,False,False,False,False,True
89,True,False,False,True,True,True,True,False,True,False,True,True,True,True,True,True
90,True,True,True,False,True,True,False,False,True,False,True,True,True,True,True,True
91,False,False,False,True,True,True,True,True,True,True,True,True,False,False,True,True
92,True,False,True,False,True,True,False,False,False,False,False,True,True,True,True,True
93,False,True,True,True,True,False,True,True,False,False,True,True,False,False,True,True
94,True,False,False,False,False,True,False,False,False,True,True,True,False,False,True,False
95,False,True,False,False,True,True,False,False,False,True,False,True,False,False,False,False
96,True,False,True,False,True,True,False,False,True,False,True,False,False,False,True,False
97,False,False,False,False,False,False,False,False,False,False,False,False,False,False,True,False
98,True,False,True,False,True,False,True,False,True,True,False,True,True,True,True,False
99,False,True,True,True,True,False,True,False,True,True,False,True,True,False,True,True
100,False,True,False,False,False,False,True,False,False,False,False,False,False,False,False,False
101,False,True,True,True,False,False,False,True,False,True,False,False,True,False,False,True
102,False,False,False,True,False,False,True,False,False,False,False,False,True,False,True,True
103,False,True,False,False,False,False,False,False,False,False,False,False,False,True,False,False
104,False,True,False,True,False,False,True,True,False,False,True,True,True,True,False,False
105,False,False,False,False,True,False,True,False,False,True,False,False,False,False,False,False
106,True,False,False,True,False,True,True,False,True,False,False,True,False,True,False,True
107,False,False,False,False,False,False,False,False,True,False,False,False,False,True,True,False
108,False,False,False,False,False,False,False,False,False,False,False,False,False,False,True,False
109,False,False,False,False,False,False,False,False,False,False,True,False,False,False,False,False
110,True,False,False,True,True,True,False,False,False,True,True,True,False,False,True,False
111,True,True,True,True,True,True,False,False,False,False,False,True,True,True,True,True
112,True,True,False,False,True,False,True,True,True,True,True,False,False,False,False,True
113,False,False,True,False,False,False,True,False,True,True,True,True,False,False,False,False
114,True,True,False,True,False,True,True,False,False,False,True,True,True,False,True,False
115,True,False,False,True,False,False,True,False,True,False,False,False,False,False,False,False
116,False,True,True,False,True,False,True,True,False,False,False,True,True,True,False,False
117,True,True,True,True,False,False,False,False,False,True,False,True,True,False,False,True
118,True,False,False,True,True,True,False,True,False,False,False,False,True,False,True,False
119,False,False,False,False,True,False,True,False,False,False,True,True,False,True,True,True
120,False,False,True,True,False,True,False,True,False,False,False,False,True,False,False,False
121,False,False,False,True,False,False,False,False,False,False,True,True,False,False,True,False
122,False,False,True,False,True,False,False,True,True,False,False,False,False,True,True,False
123,False,True,False,False,True,True,True,False,True,False,True,False,False,False,True,True
124,False,False,False,True,False,False,False,False,False,False,False,False,False,False,False,False
125,False,True,True,False,False,True,True,False,False,False,False,False,False,False,True,False
126,True,False,False,False,False,False,False,True,False,False,False,True,False,False,True,True
127,False,False,False,False,False,False,False,False,True,False,True,False,True,False,False,True
128,True,False,True,True,True,False,True,False,False,True,True,True,True,True,True,False
129,False,True,True,False,True,False,False,True,True,True,True,True,True,False,True,True
130,True,False,True,False,False,False,False,False,False,False,False,False,False,True,True,True
131,True,True,True,False,False,True,False,False,False,True,True,False,True,False,False,True
132,True,False,False,True,False,True,True,False,False,False,True,True,True,True,True,False
133,False,False,False,True,False,True,True,False,True,True,True,False,False,True,False,True
134,False,False,False,False,False,False,False,False,True,False,True,False,True,False,False,False
135,False,False,True,True,True,True,False,True,True,False,True,True,False,False,True,False
136,False,True,True,False,False,True,True,True,False,True,False,True,False,True,True,True
137,True,False,False,False,True,True,True,False,False,True,False,False,False,False,True,True
138,False,False,False,False,False,False,False,False,True,False,False,False,False,False,False,False
139,False,False,False,True,True,False,False,False,True,True,False,True,False,False,False,False
140,True,False,True,True,True,True,False,True,True,True,True,False,True,True,False,True
141,True,True,True,False,True,False,False,False,False,True,True,False,False,True,True,False
142,False,False,False,True,False,True,True,False,False,False,False,False,False,True,False,False
143,True,True,False,False,True,False,True,True,True,False,False,True,True,False,True,False
144,False,False,False,False,False,False,False,False,True,True,True,False,True,True,True,False
145,False,True,True,True,True,False,False,False,True,True,True,True,True,True,False,False
146,False,False,False,False,False,True,False,True,False,True,False,True,True,False,False,False
147,False,False,False,False,True,True,False,True,True,False,True,False,True,True,False,True
148,True,True,False,True,False,False,True,False,False,False,False,False,False,False,False,True
149,False,False,False,False,False,False,True,False,False,False,True,False,True,True,True,False
150,True,True,True,False,True,False,False,True,False,False,True,True,True,True,True,False
151,False,False,False,True,True,False,False,True,True,False,True,False,True,False,True,False
152,False,False,False,False,False,False,False,False,True,False,False,False,False,False,False,False
153,False,False,False,False,False,False,False,False,False,False,False,False,False,True,False,False
154,False,False,False,True,False,False,False,False,True,True,False,False,True,True,False,False
155,False,False,False,False,True,False,False,False,True,False,False,False,True,True,False,False
156,False,True,True,False,True,False,False,False,True,False,False,False,False,False,True,False
157,True,False,True,False,False,True,True,True,True,True,False,True,True,False,True,False
158,False,False,False,False,True,False,False,False,False,False,False,False,False,False,False,False
159,True,False,False,False,True,False,False,False,False,True,True,False,True,False,False,False
160,False,False,False,False,False,True,False,False,False,False,False,False,False,False,False,False
161,False,False,False,False,True,False,True,True,True,False,True,False,False,True,False,True
162,False,False,False,False,False,False,True,False,True,True,True,False,True,True,False,False
163,False,False,True,False,True,True,True,True,False,True,False,True,True,True,True,True
164,True,False,True,False,True,True,True,True,False,False,False,False,True,True,False,True
165,False,False,False,False,False,False,False,False,False,False,False,False,False,False,True,False
166,True,True,True,True,True,False,True,True,True,False,True,False,True,True,False,True
167,False,True,False,False,False,True,False,False,False,False,True,True,False,True,True,False
168,False,False,False,False,False,False,False,True,False,False,False,False,False,False,False,False
169,True,True,False,False,False,False,False,False,False,False,False,False,False,False,False,False
170,False,True,True,False,False,False,True,True,True,False,True,False,True,False,False,True
171,True,False,True,True,False,True,False,True,True,False,True,False,True,True,True,False
172,False,False,False,False,False,False,False,False,False,False,False,True,False,False,False,True
173,False,True,False,False,False,False,True,False,False,False,False,False,True,False,False,True
174,False,True,False,True,False,False,False,False,False,False,False,True,False,False,False,True
175,False,False,True,True,False,False,False,False,False,False,True,False,False,False,False,False
176,False,False,True,True,False,True,True,False,True,True,True,False,False,True,True,False
177,False,True,False,True,True,False,False,False,False,True,True,False,True,False,True,True
178,False,True,False,False,False,False,False,False,True,False,False,False,False,False,False,False
179,False,False,False,False,False,False,False,True,False,True,False,False,False,False,False,True
180,False,False,True,True,True,True,False,False,False,True,False,False,True,True,False,True
181,True,False,True,True,False,False,True,False,False,False,False,True,True,False,True,True
182,False,False,False,False,False,True,False,False,False,False,True,False,False,False,False,False
183,True,True,True,False,True,False,True,False,True,True,True,True,False,True,True,True
184,False,False,True,False,False,False,False,False,False,False,True,False,False,False,False,True
185,False,False,True,True,False,False,False,True,True,True,True,True,False,True,True,True
186,True,False,True,True,False,True,True,True,True,True,True,True,False,True,True,True
187,False,False,False,False,True,False,False,True,False,False,True,True,False,True,True,True
188,True,False,True,True,True,True,False,False,True,False,False,False,True,True,True,False
189,True,True,False,False,True,True,False,False,True,True,True,False,True,True,True,True
190,True,False,False,True,True,False,False,True,True,False,False,False,False,False,True,False
191,True,False,False,True,False,False,False,False,False,True,False,False,False,False,False,False
192,True,True,True,True,False,True,False,True,False,False,True,True,True,False,False,True
193,False,False,False,True,True,False,True,False,True,False,False,True,False,True,True,False
194,False,False,True,True,False,True,True,True,False,False,False,True,False,True,False,True
195,False,False,False,False,True,True,False,False,False,True,False,False,False,False,False,False
196,True,True,False,True,True,True,True,False,False,True,False,True,True,True,False,False
197,False,True,True,True,False,False,True,False,True,True,True,True,False,False,False,False
198,True,False,False,False,False,False,False,True,False,True,False,False,False,False,False,True
199,False,False,True,True,False,True,False,True,True,True,False,False,True,False,True,False
200,False,False,False,False,False,True,False,True,False,False,True,True,False,False,False,True
201,False,False,True,False,False,False,False,True,False,True,False,False,True,True,False,True
202,False,True,True,False,False,True,True,True,True,True,False,True,False,True,False,False
203,False,False,False,False,False,False,False,True,False,False,False,False,False,True,False,False
204,False,True,False,True,False,True,True,True,True,False,False,False,False,True,True,False
205,True,False,False,False,True,False,False,False,False,False,False,False,True,False,False,False
206,False,False,False,True,True,False,False,False,False,True,False,False,True,False,True,True
207,False,False,False,True,False,False,False,False,True,False,True,True,True,True,False,False
208,False,False,False,False,False,False,False,False,False,False,True,False,True,True,True,False
209,False,True,True,True,False,True,False,True,False,False,True,True,False,True,False,True
210,True,True,True,False,True,True,True,True,True,False,False,False,True,False,True,False
211,True,True,True,False,True,False,False,True,True,False,False,False,False,False,False,True
212,False,True,True,True,False,False,True,False,False,True,True,False,False,False,True,True
213,False,False,False,False,False,False,True,False,False,False,False,False,False,False,False,False
214,False,False,True,False,False,False,True,False,True,True,False,True,False,False,True,True
215,False,False,True,False,False,True,False,False,False,False,True,False,True,True,False,True
216,False,True,True,True,True,False,True,True,False,True,True,True,False,False,False,True
217,True,False,False,False,True,False,True,True,False,False,True,False,False,False,False,False
218,True,True,False,False,False,True,False,False,False,False,True,False,True,True,False,False
219,False,False,False,False,False,True,False,False,False,False,False,True,False,False,False,False
220,False,False,False,False,False,False,True,True,False,False,True,True,False,False,False,True
221,True,True,False,False,False,False,True,False,True,True,True,True,True,False,True,False
222,False,False,False,True,False,False,True,False,True,False,False,False,False,False,False,True
223,False,True,True,False,False,True,False,False,False,False,True,True,False,False,True,True
224,True,False,True,True,True,True,True,True,True,True,True,False,True,True,False,False
225,True,False,True,False,False,False,True,True,False,True,False,False,True,False,False,False
226,False,False,False,True,True,False,True,False,False,False,False,False,True,True,True,False
227,False,True,False,False,False,False,False,False,False,False,False,False,False,True,False,False
228,True,False,True,True,True,True,True,True,False,False,True,True,True,True,False,False
229,True,False,False,False,True,False,False,False,False,False,False,False,False,False,False,False
230,False,True,False,False,True,True,False,False,False,True,False,False,False,False,False,True
231,True,False,False,True,True,True,False,False,False,False,True,False,True,False,False,False
232,False,False,True,False,False,False,False,True,False,True,False,False,False,False,True,True
233,False,False,False,True,True,False,False,False,False,False,True,False,True,False,False,False
234,True,True,False,False,False,False,False,False,False,False,False,False,False,False,False,False
235,False,False,False,False,False,True,False,False,False,False,False,False,False,False,False,False
236,False,False,False,False,False,False,False,True,False,False,True,False,True,True,False,False
237,False,False,False,False,True,False,False,False,False,False,False,True,False,False,False,False
238,True,True,True,True,True,False,False,True,True,True,True,True,True,False,True,True
239,False,True,True,False,True,False,False,False,False,False,False,False,False,True,True,False
240,False,True,False,False,False,False,False,False,False,False,False,False,False,True,True,False
241,True,True,False,False,True,True,False,False,False,True,False,False,False,False,False,True
242,False,False,False,False,False,True,False,False,False,False,False,False,False,False,False,False
243,True,False,True,True,False,False,False,True,True,True,False,False,True,True,True,True
244,False,True,False,False,False,True,True,True,False,False,False,False,True,False,False,False
245,True,False,False,True,True,False,False,False,False,True,True,True,False,True,True,True
246,False,False,True,False,True,False,False,False,True,False,False,True,False,False,False,False
247,True,False,False,False,True,True,False,False,False,False,True,True,False,False,False,False
248,False,True,False,True,False,False,True,False,False,True,True,False,False,True,False,False
249,True,False,True,True,False,False,False,True,True,True,False,False,False,False,False,True
250,False,False,True,False,True,True,True,True,False,False,True,True,False,False,True,True
251,True,True,True,True,False,False,False,True,True,False,False,True,True,False,False,False
252,False,False,True,False,False,False,False,False,False,False,False,False,False,False,False,False
253,False,True,True,False,False,True,False,False,False,False,True,False,False,True,True,False
254,False,True,False,False,True,False,False,False,False,False,False,False,False,False,True,False
255,True,False,True,False,True,True,False,True,True,True,True,True,False,False,False,True
256,False,False,False,False,True,False,False,False,False,False,False,False,False,False,True,False
257,True,False,True,True,True,False,False,True,True,False,True,False,True,True,False,True
258,False,False,False,True,False,False,False,False,False,False,False,False,False,False,False,False
259,False,False,True,False,False,False,False,True,True,True,False,False,True,True,False,True
260,False,False,False,False,True,False,True,False,True,True,True,False,False,False,False,False
261,True,False,False,True,True,True,False,False,True,True,False,True,True,True,False,True
262,True,True,True,True,True,True,True,True,False,False,False,True,False,True,False,False
263,True,False,False,True,True,True,True,False,False,False,True,True,True,True,False,True
264,False,False,False,False,True,True,False,False,False,False,False,False,False,False,False,False
265,True,False,False,False,False,False,False,False,False,False,False,False,False,False,False,False
266,False,False,True,False,False,False,False,True,True,False,False,False,False,False,False,False
267,True,True,False,True,True,True,True,False,True,True,False,True,True,True,True,False
268,False,True,False,True,True,False,False,True,True,False,True,False,True,True,True,True
269,False,False,False,False,False,False,False,False,True,False,False,False,False,False,False,False
270,True,True,False,False,True,False,False,False,False,True,True,True,False,False,True,False
271,False,True,True,True,True,False,True,False,False,False,True,True,False,False,True,True
272,False,False,False,False,True,False,False,False,True,True,False,False,False,True,False,False
273,True,True,False,True,False,False,False,True,False,False,True,True,False,True,False,False
274,False,False,False,True,False,True,False,False,True,False,True,True,True,False,False,False
275,True,False,True,False,True,True,False,False,True,True,False,True,False,True,False,False
276,True,True,True,False,True,False,True,True,False,False,False,False,True,True,True,False
277,False,False,True,True,False,False,True,True,True,False,False,True,False,True,True,False
278,False,True,True,False,True,False,False,False,False,True,False,False,False,True,True,False
279,True,True,True,False,True,False,False,True,False,False,False,False,True,True,True,False
280,False,False,False,False,True,True,False,True,False,True,True,True,False,False,False,False
281,False,True,True,False,True,False,True,False,True,False,False,True,True,False,True,True
282,False,True,True,True,False,False,False,False,False,False,False,True,True,False,True,False
283,False,False,True,True,True,False,False,True,False,True,False,False,False,True,True,False
284,True,True,True,False,True,False,True,True,False,False,True,True,True,False,False,True
285,False,False,False,False,False,False,True,False,False,False,False,False,False,True,True,False
286,True,False,True,False,False,False,True,False,True,False,True,False,True,False,True,False
287,True,True,False,False,False,True,True,True,False,True,True,False,True,False,True,True
288,True,True,True,False,False,True,False,False,True,True,True,True,False,True,False,True
289,False,True,False,True,False,True,False,False,False,True,False,True,False,False,False,True
290,False,False,True,True,True,False,True,True,True,False,False,False,False,False,True,True
291,True,True,False,False,False,True,False,False,False,True,False,True,True,True,False,True
292,False,False,True,True,False,True,True,False,True,False,True,False,False,True,False,True
293,False,False,True,False,True,False,True,False,True,False,True,True,False,False,True,True
294,False,False,True,True,True,True,False,True,True,True,False,True,False,False,False,True
295,True,False,True,True,False,False,False,False,False,False,False,False,True,True,True,True
296,True,False,False,True,True,False,False,False,False,False,False,False,False,False,False,True
297,False,False,False,True,True,True,False,True,False,False,True,True,False,True,True,True
298,True,False,False,False,True,False,False,False,True,False,False,False,False,False,False,False
299,True,False,False,True,False,False,True,True,True,True,False,True,True,True,True,True
300,False,True,False,True,False,True,True,False,True,False,True,False,True,False,True,True
301,False,True,False,True,False,False,False,False,False,False,False,False,False,False,False,True
302,True,False,False,True,True,True,True,True,False,False,False,True,True,False,True,False
303,False,True,False,False,True,False,True,False,False,False,True,True,False,True,False,True
304,False,False,False,True,True,False,False,True,False,False,True,False,True,False,False,False
305,False,False,False,False,False,True,False,False,True,False,False,False,False,False,False,False
306,True,False,True,False,False,False,True,False,True,True,True,False,True,False,True,False
307,True,False,True,False,True,False,True,False,False,True,True,True,True,False,True,True
308,True,False,True,True,True,False,False,True,True,False,False,True,False,True,False,False
309,False,False,False,False,True,True,False,True,False,True,False,False,True,True,False,True
310,True,False,False,False,False,True,False,True,True,False,False,False,False,False,False,True
311,True,False,True,True,False,True,True,False,False,True,False,False,True,False,False,True
312,False,False,True,False,True,True,False,True,True,True,True,False,True,False,True,False
313,True,True,True,True,False,True,True,False,False,True,False,True,True,False,False,False
314,True,True,False,False,True,True,True,True,False,True,False,True,True,True,True,True
315,True,True,True,True,True,True,True,True,True,True,False,False,False,False,True,True
316,True,False,True,True,False,False,True,False,True,False,True,True,False,False,False,False
317,False,True,False,True,True,False,False,False,True,True,False,False,True,False,True,False
318,False,False,False,False,True,False,True,False,False,False,False,False,False,True,True,True
319,False,False,False,True,False,True,False,True,True,False,False,False,True,False,True,True
320,False,True,False,True,True,True,False,True,True,False,False,True,False,False,False,False
321,False,False,False,False,False,True,True,False,False,False,False,True,False,True,False,True
322,False,False,False,False,False,True,False,False,False,False,False,True,False,False,True,False
323,False,False,True,True,True,True,True,True,True,True,True,True,False,True,True,False
324,False,False,True,False,False,True,True,True,False,False,True,False,False,False,False,True
325,True,False,True,False,False,False,True,False,False,True,True,True,True,True,False,False
326,True,True,True,False,True,False,True,True,False,False,True,True,True,True,True,True
327,False,False,False,False,True,True,True,True,True,True,False,True,False,False,True,False
328,True,False,True,False,True,False,False,False,True,True,False,True,False,True,False,False
329,False,True,False,False,False,True,False,False,True,False,False,True,True,True,True,False
330,True,False,True,True,False,False,False,False,True,False,False,False,True,False,False,False
331,False,False,False,True,False,False,False,True,False,False,False,True,False,False,True,False
332,False,True,True,False,False,True,False,True,False,True,True,True,True,False,False,True
333,False,False,True,True,False,False,False,True,True,False,True,False,False,True,True,False
334,True,False,True,False,True,False,False,True,True,False,False,True,True,True,False,False
335,True,True,False,True,True,False,True,False,True,True,False,False,False,True,False,False
336,False,False,False,True,False,False,False,False,False,True,True,False,True,True,True,True
337,False,True,False,True,False,False,False,False,False,False,False,False,False,False,False,True
338,True,False,True,True,True,True,False,False,True,False,False,True,False,True,True,True
339,True,False,False,False,True,False,False,True,False,False,True,True,True,False,True,False
340,False,True,True,False,False,True,False,False,False,True,True,True,True,False,False,False
341,False,False,True,True,True,False,True,True,False,True,False,True,False,False,False,False
342,False,False,False,False,False,False,True,True,True,True,False,False,True,True,True,False
343,True,False,True,True,False,True,False,False,True,True,False,False,True,False,True,True
344,True,False,False,False,False,False,False,True,False,True,False,False,False,True,False,False
345,False,False,True,False,False,False,False,False,True,True,False,False,False,False,False,False
346,True,False,False,True,True,False,True,False,False,True,True,True,False,True,True,False
347,False,True,False,False,True,False,False,False,True,True,False,False,True,False,False,True
348,False,False,False,True,True,False,False,False,True,False,False,True,False,False,False,False
349,False,True,False,True,True,True,False,False,True,True,False,False,True,True,True,True
350,True,True,True,True,False,False,False,True,False,True,False,False,True,False,True,True
351,True,False,True,False,False,True,True,True,True,True,True,False,True,True,False,True
352,True,False,False,False,False,False,True,False,False,False,False,False,False,False,False,False
353,False,True,False,False,False,True,True,True,False,True,True,True,True,True,True,False
354,True,True,True,True,False,False,True,False,False,True,True,False,False,False,True,False
355,False,False,True,True,True,True,False,False,True,False,False,True,False,False,True,True
356,False,False,False,False,True,False,False,False,False,False,False,False,False,False,False,False
357,False,False,True,True,False,True,False,True,False,True,True,False,True,False,False,True
358,True,True,True,False,True,False,False,False,False,False,True,True,True,False,True,False
359,False,False,True,False,True,False,True,False,True,True,True,False,True,True,False,True
360,True,False,True,False,True,True,False,True,True,False,False,False,True,False,False,True
361,False,False,False,False,True,False,True,False,False,False,True,False,False,False,True,False
362,True,False,True,True,True,True,True,False,True,False,True,True,False,False,True,False
363,True,False,True,True,True,False,False,True,True,False,True,False,True,True,False,True
364,True,False,False,False,False,False,False,False,False,False,False,True,False,False,False,False
365,False,False,False,False,False,False,False,False,False,False,False,False,True,False,False,False
366,False,False,False,False,False,True,True,False,False,False,False,False,True,False,False,False
367,False,True,True,False,False,False,False,False,False,True,True,False,False,False,False,False
368,False,True,True,True,True,True,True,True,False,True,False,True,True,True,False,False
369,False,True,True,True,True,False,False,True,True,True,True,False,False,False,True,True
370,False,False,False,False,True,True,False,True,False,False,False,False,False,True,False,False
371,False,True,False,True,False,False,False,False,True,True,False,False,False,True,False,False
372,True,False,False,False,False,False,False,True,True,True,True,False,False,True,True,False
373,False,True,True,False,False,False,True,False,True,False,False,False,True,True,False,False
374,False,False,False,False,True,False,False,False,False,False,True,False,False,True,False,False
375,True,False,False,True,True,False,True,False,True,True,False,False,False,False,True,True
376,True,True,False,True,True,False,True,True,False,False,False,True,True,True,False,True
377,True,True,True,True,False,True,True,False,True,False,False,True,False,False,True,True
378,False,True,True,False,False,False,False,True,True,False,False,False,True,True,True,False
379,True,True,True,False,True,False,True,True,False,False,True,True,True,True,False,True
380,False,False,True,True,False,True,True,False,True,True,True,True,False,False,False,False
381,False,False,False,True,True,False,False,False,False,True,False,False,False,True,True,False
382,False,True,True,True,True,True,True,False,True,False,False,True,True,True,False,True
383,False,False,True,True,True,True,True,True,True,False,True,True,True,True,True,True
384,False,False,True,False,True,False,False,False,False,True,False,False,True,True,True,False
385,True,True,True,True,True,False,True,False,False,False,True,True,True,False,True,True
386,True,True,False,False,True,False,False,False,False,False,False,False,False,False,True,False
387,False,False,False,True,False,False,False,True,True,False,True,False,False,False,False,False
388,False,True,False,True,True,True,False,True,False,True,False,True,True,False,True,True
389,True,False,False,False,False,True,True,True,False,False,True,False,True,False,False,True
390,False,False,False,False,False,True,False,False,False,False,False,True,True,False,False,True
391,True,True,True,True,False,False,False,True,False,False,True,True,False,True,True,False
392,False,False,False,True,False,True,True,True,True,False,False,True,False,False,False,True
393,False,False,True,True,False,False,False,True,True,True,False,True,True,False,True,False
394,False,True,False,True,False,False,False,True,True,False,True,False,True,True,True,False
395,True,False,False,False,True,True,False,True,True,False,True,False,False,False,True,True
396,False,False,False,False,False,True,False,False,False,False,False,False,False,False,True,False
397,False,True,True,False,False,True,True,False,True,False,True,True,False,True,True,False
398,True,False,False,False,False,False,False,False,False,False,False,False,False,False,False,False
399,False,False,True,False,False,True,False,False,True,True,True,False,True,True,True,True
400,False,True,False,False,True,False,False,True,False,False,False,True,True,False,False,False
401,True,False,False,False,False,False,True,True,False,True,False,True,True,False,True,False
402,False,True,True,True,True,False,True,False,True,True,True,True,False,True,True,False
403,False,False,True,True,False,False,False,True,False,False,False,False,True,False,True,True
404,True,True,True,False,False,True,False,False,True,True,True,True,True,False,True,False
405,False,False,False,False,False,False,True,False,False,False,False,False,True,False,True,False
406,True,True,True,True,False,True,False,True,False,False,True,True,False,True,False,False
407,False,False,False,False,False,False,True,True,False,True,True,True,True,False,False,True
408,False,False,False,True,False,False,False,False,False,False,False,False,False,False,False,False
409,False,False,False,False,False,True,False,True,True,True,True,True,True,True,False,True
410,False,False,True,True,True,True,True,True,False,True,True,True,False,True,False,True
411,False,False,False,False,True,False,True,True,True,False,True,True,False,False,True,True
412,False,False,False,False,False,False,False,True,False,False,False,False,False,False,True,True
413,False,True,True,False,False,False,True,True,False,True,False,True,False,True,True,True
414,True,False,True,True,True,False,False,True,False,False,True,False,False,True,False,False
415,False,False,True,True,False,False,False,False,False,True,False,False,False,True,False,False
416,False,True,False,False,True,False,True,True,True,False,False,True,False,False,True,False
417,False,False,False,False,False,True,False,False,False,True,False,False,False,False,False,False
418,True,False,False,False,False,False,False,True,False,True,False,True,True,False,True,True
419,False,False,True,False,True,False,False,False,True,True,False,True,True,True,True,False
420,False,False,False,True,True,False,False,False,False,False,True,True,False,True,True,True
421,True,False,True,False,False,True,False,False,False,True,True,False,True,False,True,False
422,True,True,True,True,False,False,True,True,False,False,True,True,True,False,True,False
423,True,False,True,False,True,False,True,False,False,False,True,False,True,True,False,False
424,True,False,False,False,False,False,False,False,False,False,False,False,False,False,False,False
425,True,True,False,True,True,True,False,True,True,True,True,True,True,True,False,False
426,True,False,False,False,False,True,True,False,False,False,True,True,True,False,False,False
427,True,False,False,False,True,False,False,False,True,False,False,False,False,True,True,True
428,False,True,False,True,False,True,False,False,False,False,False,False,False,False,True,False
429,False,True,True,True,False,False,False,True,True,True,True,True,True,False,True,False
430,False,False,False,True,True,True,True,False,True,False,True,True,False,False,False,False
431,False,False,True,True,True,True,False,True,False,False,True,True,False,True,False,True
432,True,False,True,True,False,False,False,True,False,True,True,True,True,False,False,True
433,False,True,True,True,False,False,False,False,False,True,False,True,True,True,False,False
434,True,True,False,False,False,False,True,True,True,True,False,True,True,True,True,False
435,True,False,False,False,False,True,False,False,False,False,False,True,True,False,True,True
436,True,False,False,False,False,False,False,True,False,True,True,False,False,False,True,True
437,True,False,True,False,True,True,True,False,False,True,False,False,True,False,True,False
438,True,False,True,False,False,True,False,True,False,False,False,False,False,False,False,False
439,False,False,False,False,False,False,True,False,False,False,False,False,False,True,False,False
440,False,False,False,False,False,True,False,False,False,True,False,True,True,False,True,True
441,False,True,True,False,False,True,False,True,True,True,False,True,False,False,False,False
442,True,True,True,True,True,False,True,False,True,True,True,False,True,True,False,False
443,False,False,False,False,False,True,False,False,False,False,False,False,False,False,True,False
444,False,False,True,False,True,False,False,False,False,False,False,True,True,False,False,False
445,True,False,True,False,False,True,False,False,False,True,False,True,True,True,True,True
446,True,True,True,True,True,False,True,True,False,False,True,True,True,False,False,False
447,False,False,False,True,False,False,False,False,False,False,False,False,False,False,False,False
448,False,False,False,True,True,True,True,True,False,False,False,False,False,True,True,False
449,True,False,False,True,True,False,True,True,False,True,False,True,False,False,False,False
450,False,True,False,True,False,True,False,True,False,True,True,False,True,False,True,True
451,False,False,True,True,False,False,False,True,False,False,True,False,False,True,False,False
452,False,False,False,True,False,True,False,False,False,False,True,False,False,False,False,False
453,False,True,True,False,False,True,False,False,True,False,False,True,True,True,True,False
454,False,False,False,False,False,False,False,False,True,False,False,True,False,False,False,True
455,True,True,False,False,True,False,False,False,True,True,True,True,False,True,True,True
456,False,False,True,True,True,True,True,False,False,False,True,True,False,False,False,False
457,False,True,False,False,False,False,True,False,False,True,True,True,True,True,True,False
458,False,False,True,True,True,False,False,True,True,False,False,True,False,False,False,False
459,False,True,False,False,True,False,False,False,True,True,True,True,True,True,True,True
460,False,False,True,False,True,False,True,True,False,False,False,True,False,False,False,True
461,True,False,False,False,True,True,True,False,True,True,False,False,False,False,True,True
462,False,True,True,True,True,True,False,False,True,False,False,True,False,False,False,False
463,False,False,False,True,True,True,False,True,True,True,True,True,True,True,False,True
464,False,False,False,False,False,False,False,False,True,False,False,False,False,False,False,False
465,False,False,True,False,True,False,True,False,False,False,False,False,False,True,False,True
466,True,True,False,True,True,False,False,True,True,True,False,False,False,False,False,False
467,True,True,False,False,True,False,True,False,True,False,True,True,True,True,True,True
468,True,False,True,False,True,True,False,True,False,False,False,False,False,False,True,False
469,True,True,False,False,False,True,True,False,False,False,True,False,False,False,True,True
470,True,False,False,False,False,False,False,False,True,False,False,False,True,True,False,True
471,True,False,False,False,False,True,False,False,False,False,True,False,False,False,True,False
472,True,False,True,True,False,True,False,True,True,False,True,False,True,False,True,True
473,False,True,False,True,True,False,True,False,False,False,True,False,True,False,False,True
474,False,False,False,True,True,False,True,False,False,False,False,False,False,True,False,False
475,True,True,False,True,True,True,False,True,True,True,False,False,False,False,False,True
476,True,False,True,False,True,False,True,False,False,False,True,False,True,False,False,True
477,False,True,False,True,True,True,False,True,True,False,True,True,False,False,True,False
478,True,True,False,True,True,True,True,False,True,True,False,False,True,True,True,True
479,True,False,False,True,False,True,True,False,False,False,True,True,False,False,False,False
480,True,True,False,False,True,False,False,False,True,True,True,False,True,True,True,True
481,True,False,False,True,True,True,False,True,False,True,True,False,True,True,True,True
482,False,True,False,False,True,True,True,True,True,False,False,False,False,False,True,True
483,False,False,False,False,False,True,False,False,False,False,False,False,False,True,False,False
484,True,False,False,True,True,True,True,False,True,True,True,True,True,True,False,True
485,False,False,False,True,True,False,False,False,False,False,False,True,True,True,False,False
486,False,True,False,True,False,False,False,True,False,True,True,True,False,False,False,False
487,True,True,True,True,False,False,False,True,True,False,True,False,True,False,False,True
488,True,False,False,True,False,True,False,False,False,False,True,False,False,False,False,False
489,False,False,False,False,False,True,False,True,False,False,False,False,False,False,False,False
490,True,False,False,False,True,True,False,True,True,False,False,False,False,True,True,False
491,False,False,False,False,False,False,False,False,True,False,False,True,False,False,False,False
492,False,True,False,False,False,False,True,True,True,True,False,True,True,False,True,True
493,False,False,True,False,False,False,False,False,True,False,True,False,False,False,False,False
494,True,False,True,True,True,False,False,True,True,True,False,True,True,True,False,True
495,False,False,False,True,False,False,False,False,False,False,False,False,False,False,False,False
496,False,False,True,False,False,False,False,False,False,True,False,False,True,False,True,False
497,False,True,True,True,True,True,True,False,True,True,True,True,False,True,False,True
498,True,False,True,True,True,True,True,False,True,True,True,False,True,False,False,True
499,False,False,False,False,False,True,False,False,False,False,False,False,True,True,False,False
500,False,False,False,True,True,True,False,True,False,False,True,True,False,True,True,True
501,False,False,False,False,True,False,False,False,False,True,False,False,True,False,False,False
502,False,False,False,False,True,True,False,True,False,False,False,False,True,True,False,False
503,False,False,True,True,False,False,False,True,False,False,False,False,False,True,True,True
504,True,True,True,False,True,True,False,False,True,False,False,False,False,False,False,True
505,False,True,False,True,False,False,False,True,True,False,False,False,False,False,False,False
506,True,False,True,False,False,False,False,True,True,True,False,False,False,True,False,True
507,False,False,False,False,False,True,False,False,False,False,True,False,False,False,True,False
508,False,False,False,False,False,False,False,False,True,True,False,False,False,False,True,True
509,True,False,True,False,False,True,True,False,True,False,False,False,False,False,False,False
510,True,False,False,False,True,False,True,False,True,False,True,False,False,True,True,False
511,False,False,False,False,False,False,True,False,False,False,False,True,True,False,False,False
512,False,False,True,False,False,False,True,False,False,True,True,True,False,False,False,False
513,False,False,False,True,False,False,False,False,True,False,False,False,True,False,False,False
514,True,False,True,False,False,False,True,True,True,True,False,False,False,False,True,False
515,True,False,True,False,False,False,True,True,False,True,True,True,False,False,True,True
516,True,False,True,True,True,True,True,True,False,True,False,True,True,False,False,True
517,False,False,False,False,True,True,True,False,True,True,False,True,True,True,False,True
518,False,True,False,True,False,False,True,True,False,False,False,False,False,False,False,True
519,False,False,True,True,False,True,True,False,False,False,False,False,False,False,False,False
520,False,True,False,False,False,True,True,False,False,True,False,False,False,False,True,True
521,True,True,True,False,True,True,True,False,True,True,False,False,True,False,False,True
522,True,False,False,False,False,False,False,False,True,True,False,True,False,False,True,False
523,False,False,False,True,False,True,False,False,False,True,False,True,True,False,False,True
524,False,True,False,False,False,False,False,False,False,False,False,False,False,True,False,False
525,False,True,True,False,False,True,False,True,False,False,False,True,False,False,True,False
526,True,True,False,True,True,True,True,False,False,False,False,False,False,False,True,False
527,False,False,False,True,False,False,False,False,False,False,False,False,False,False,False,False
528,False,True,False,True,False,True,False,True,False,True,False,True,True,True,False,True
529,False,False,False,True,False,False,False,False,True,False,False,False,False,False,False,False
530,True,False,True,False,False,False,False,False,False,True,False,False,False,False,False,True
531,False,False,False,True,False,True,False,False,True,True,True,True,False,False,False,True
532,True,False,False,False,False,False,False,False,True,False,False,False,False,False,False,False
533,False,True,False,False,True,True,False,True,False,False,False,True,False,False,True,True
534,True,False,False,True,True,True,False,False,False,True,False,False,False,True,True,False
535,False,False,False,False,False,True,False,False,False,False,False,True,False,False,True,False
536,False,False,False,False,True,False,True,True,True,True,False,True,False,True,False,False
537,False,False,False,True,False,True,True,True,True,True,True,False,True,True,True,True
538,False,True,False,True,False,False,False,False,True,False,True,False,False,True,True,False
539,False,True,False,False,False,True,True,False,False,True,False,False,True,True,True,False
540,False,True,True,False,False,True,False,True,True,True,False,False,False,True,False,False
541,False,True,True,False,False,False,True,True,True,False,True,False,False,True,False,True
542,True,False,False,True,True,True,False,True,False,True,True,True,True,False,False,False
543,False,False,False,False,True,True,False,False,True,False,False,False,False,False,False,False
544,True,True,False,True,True,True,True,False,False,False,False,True,True,False,False,False
545,False,True,True,True,False,True,False,True,False,False,False,False,False,False,True,False
546,True,False,False,False,True,True,False,True,True,False,False,False,False,True,True,False
547,False,False,True,False,False,False,False,False,False,False,False,False,False,False,False,True
548,False,False,True,False,False,False,False,False,False,False,False,False,False,False,False,True
549,False,True,False,False,False,True,False,True,False,False,False,True,True,True,True,False
550,True,False,True,True,False,False,False,False,False,True,False,False,True,False,True,False
551,True,True,True,False,True,False,True,True,True,True,True,False,False,True,True,False
552,True,False,True,False,True,True,False,True,False,True,False,True,True,True,True,True
553,False,False,True,False,False,False,True,True,False,False,True,False,False,False,False,False
554,False,False,False,False,True,False,True,False,True,True,True,True,False,True,False,True
555,False,False,False,True,False,True,False,True,False,False,False,False,False,True,True,True
556,True,False,False,True,False,False,False,True,True,False,False,False,False,False,False,False
557,False,False,True,False,False,True,False,True,True,False,False,True,False,False,False,False
558,False,False,True,False,False,False,False,True,True,False,True,False,True,False,True,False
559,False,False,False,True,False,False,False,False,True,False,False,False,False,True,False,True
560,False,True,False,False,True,False,False,False,False,False,False,False,False,False,False,False
561,False,True,False,True,False,False,False,False,False,False,False,False,False,False,True,False
562,True,True,True,True,False,False,False,False,True,True,False,False,False,True,False,True
563,True,False,False,False,False,True,True,True,True,True,False,True,True,True,True,True
564,False,False,False,True,False,False,False,False,False,False,False,True,True,False,False,False
565,False,False,False,False,False,False,False,False,True,False,False,True,False,False,False,False
566,False,True,False,True,False,False,False,True,False,False,True,True,False,False,True,False
567,False,True,False,False,True,False,False,False,False,True,True,True,False,False,True,True
568,True,False,True,False,False,True,False,False,False,False,False,False,False,True,True,True
569,True,True,True,False,False,True,True,False,False,True,True,True,False,False,True,True
570,True,True,True,True,False,True,False,False,True,False,True,True,False,False,False,False
571,True,True,True,False,False,True,False,True,False,True,True,False,True,False,True,False
572,False,False,True,False,True,False,True,True,False,True,True,False,False,True,False,True
573,False,True,False,False,True,True,False,False,False,True,False,True,True,True,True,False
574,True,False,True,True,False,True,False,True,True,False,False,True,True,True,True,True
575,False,False,False,True,False,False,False,False,True,False,False,False,True,True,False,False
576,True,False,True,False,True,True,False,False,False,True,True,False,False,False,False,False
577,False,True,False,True,False,False,True,True,True,True,False,False,True,True,True,True
578,False,False,False,True,False,True,False,True,True,False,True,True,True,False,False,False
579,True,False,True,True,False,True,False,False,True,True,True,True,False,True,False,False
580,False,False,False,False,False,False,False,False,False,False,True,False,False,False,False,False
581,False,False,False,False,False,True,False,False,False,False,False,False,False,False,False,False
582,False,False,True,False,True,False,False,False,True,True,True,False,False,False,False,False
583,True,True,True,True,True,False,False,False,True,True,True,False,True,False,False,False
584,False,True,False,True,False,False,False,False,False,False,True,True,True,False,False,False
585,True,False,False,True,False,True,False,True,False,False,True,True,False,False,False,True
586,False,False,True,False,True,True,True,False,True,True,False,False,True,False,True,True
587,False,False,False,True,True,False,False,True,False,False,False,False,True,False,False,False
588,False,False,True,False,True,False,True,False,True,True,False,False,False,True,False,False
589,False,False,False,False,False,False,False,False,False,False,False,True,True,False,False,False
590,False,True,True,False,False,False,False,False,True,False,False,True,True,False,False,False
591,False,False,True,False,True,True,False,True,False,False,False,True,True,True,False,False
592,False,True,True,True,True,True,True,True,True,True,False,False,True,False,True,True
593,True,False,False,True,True,False,True,True,False,True,True,True,True,False,False,False
594,True,True,True,False,False,True,False,True,False,True,False,False,True,True,True,True
595,False,True,True,True,False,False,True,True,True,False,False,False,False,False,False,True
596,False,False,True,False,True,True,True,True,True,False,False,True,False,True,True,False
597,False,True,False,True,False,False,False,True,False,False,False,False,False,False,False,False
598,False,False,False,False,False,False,False,True,False,False,False,False,False,False,False,False
599,False,False,False,False,False,False,False,True,True,True,False,True,True,False,False,False
600,False,True,True,False,False,False,True,True,False,False,False,True,False,False,True,False
601,False,False,False,False,False,False,False,False,False,False,True,False,False,False,False,False
602,False,True,False,False,True,False,False,False,False,False,True,True,False,False,False,False
603,False,False,False,False,False,False,False,False,False,True,False,False,False,False,False,False
604,False,False,True,False,False,True,True,False,False,True,True,True,False,True,True,True
605,False,False,True,False,True,False,False,True,True,False,False,True,False,False,True,True
606,True,True,False,False,True,False,False,True,False,False,False,False,False,True,False,False
607,True,True,False,False,True,False,True,False,False,True,False,False,True,False,True,True
608,False,True,False,False,True,True,True,True,False,False,False,False,True,False,True,False
609,False,False,False,False,False,False,True,False,False,False,False,True,False,False,False,True
610,False,True,False,False,True,True,True,False,False,False,False,True,True,True,True,False
611,False,False,True,True,True,False,True,False,True,False,False,True,False,True,True,True
612,False,False,True,False,False,False,True,False,False,True,False,False,False,True,False,False
613,False,False,False,False,False,False,True,False,False,False,False,False,False,True,False,False
614,True,False,False,True,False,True,True,True,True,True,True,True,True,False,False,True
615,False,False,False,False,False,False,False,True,False,False,False,False,False,False,False,False
616,True,False,True,True,False,False,False,False,False,True,True,True,False,False,False,False
617,False,False,True,False,True,False,True,False,False,True,False,False,True,False,False,True
618,False,False,False,False,True,False,False,True,True,False,False,True,False,False,False,False
619,False,False,True,False,False,False,True,False,False,False,False,False,True,False,False,False
620,True,True,False,True,True,False,True,True,False,True,True,False,True,True,True,False
621,False,True,False,False,False,False,True,False,False,False,False,False,True,False,False,True
622,False,False,False,True,False,True,False,False,False,False,True,False,False,False,False,False
623,False,True,True,False,False,False,True,True,False,False,True,True,True,True,True,True
624,True,True,True,False,True,True,True,True,True,True,True,True,True,False,True,False
625,True,False,False,True,False,False,False,False,False,True,False,False,False,False,True,False
626,False,False,False,False,True,False,True,True,False,False,False,False,False,False,False,False
627,False,False,True,False,False,False,False,True,False,False,True,False,False,True,True,False
628,True,True,True,False,True,True,False,True,False,False,True,False,True,True,True,True
629,False,False,True,True,True,True,True,True,True,False,False,False,True,True,False,False
630,False,True,False,False,False,False,False,False,False,False,False,False,False,True,False,False
631,False,False,False,False,False,False,False,False,False,False,False,True,False,False,False,False
632,False,True,False,False,False,False,False,True,False,False,False,False,False,False,False,True
633,True,False,False,False,False,False,False,False,False,False,False,True,True,True,False,True
634,False,True,True,False,True,True,False,True,False,True,False,False,True,False,False,False
635,False,False,False,True,True,True,True,True,False,True,False,True,False,False,False,True
636,True,False,True,False,True,True,False,False,False,True,False,False,False,False,False,False
637,True,False,True,False,False,False,False,False,False,True,True,False,False,True,False,False
638,False,False,False,True,False,False,False,False,False,False,False,False,True,False,False,False
639,True,False,False,False,False,True,False,True,False,False,True,False,False,True,False,False
640,False,True,True,False,False,False,False,True,True,True,False,True,True,True,False,False
641,False,False,False,False,False,False,False,False,False,True,True,True,True,False,False,True
642,False,False,True,False,True,True,False,True,False,False,True,True,True,False,False,False
643,False,False,True,False,False,False,False,False,False,False,True,False,False,False,False,False
644,False,False,True,True,True,True,True,False,False,True,False,True,False,False,False,True
645,False,False,False,True,False,False,False,False,False,False,True,False,True,False,False,False
646,True,True,False,False,False,True,False,True,True,False,False,True,True,True,True,True
647,True,False,False,False,True,True,False,False,False,True,False,False,True,False,True,True
648,True,False,True,False,False,False,True,True,False,True,False,True,False,False,False,False
649,False,True,False,True,False,False,False,True,True,True,True,True,False,True,False,True
650,True,False,True,False,False,False,False,False,False,False,False,True,False,False,False,False
651,True,False,True,True,True,True,False,True,False,False,True,True,False,False,True,False
652,True,True,True,True,False,True,False,True,True,False,True,True,False,False,True,True
653,False,False,False,True,True,False,True,False,False,True,False,False,False,True,True,True
654,False,False,True,True,False,False,True,False,True,True,True,True,False,False,True,False
655,True,True,True,False,False,True,True,False,False,False,False,False,False,False,False,False
656,True,True,True,False,False,True,True,True,False,False,False,False,True,False,True,True
657,False,False,True,True,True,True,False,True,True,False,True,True,False,False,True,False
658,True,False,False,False,False,True,False,False,True,False,True,False,False,False,True,False
659,False,False,True,True,False,False,True,False,False,False,True,True,False,False,False,False
660,False,True,False,False,False,False,False,False,True,True,False,False,False,False,False,False
661,False,True,False,False,True,False,True,False,False,True,False,False,False,False,False,True
662,False,True,True,True,True,True,False,True,False,False,False,False,False,False,False,False
663,False,False,False,False,True,False,False,False,False,False,False,False,False,False,False,False
664,False,False,True,False,False,False,False,True,True,False,True,False,False,True,False,True
665,True,False,True,False,False,False,True,True,True,True,True,True,False,False,True,True
666,True,False,True,True,True,False,True,False,True,True,True,False,False,False,True,True
667,False,True,False,True,False,True,False,False,True,False,True,True,True,True,True,True
668,False,True,True,False,True,False,False,False,False,False,True,False,True,False,True,False
669,False,True,False,True,False,False,True,False,False,False,True,False,True,False,True,False
670,True,True,False,True,True,False,True,False,True,False,False,True,True,True,True,True
671,True,False,False,False,False,False,False,False,False,False,False,False,False,False,False,False
672,True,True,False,True,False,True,False,True,True,False,True,True,False,True,False,True
673,True,True,False,True,True,True,False,True,False,True,False,False,False,False,False,False
674,False,False,False,True,False,True,True,False,True,True,False,True,True,True,False,True
675,False,True,False,False,False,False,True,False,False,True,False,False,False,False,False,True
676,False,False,False,False,False,True,True,False,False,True,False,False,False,True,True,True
677,False,False,False,True,False,False,False,False,False,False,False,False,False,True,False,True
678,True,False,False,True,False,False,False,True,True,True,True,True,True,False,False,True
679,True,False,False,True,True,True,False,False,True,False,False,True,True,True,True,False
680,False,True,True,True,True,False,True,True,True,True,False,True,False,False,True,True
681,False,True,True,False,True,False,False,True,False,False,True,True,True,False,False,False
682,True,False,False,True,False,True,False,True,False,False,False,False,False,False,False,True
683,False,True,False,True,True,False,False,True,False,False,True,False,True,False,False,True
684,False,False,False,False,False,False,True,True,True,False,False,False,False,True,True,False
685,True,False,True,False,False,False,False,True,True,True,False,False,True,True,False,False
686,True,False,True,False,True,False,False,False,True,True,True,False,True,False,True,False
687,False,True,False,True,False,True,False,True,False,True,False,False,False,True,True,False
688,False,False,False,False,True,False,True,False,False,False,False,False,False,False,True,True
689,False,True,True,False,True,True,False,False,True,True,True,False,False,True,False,True
690,False,True,True,False,True,False,False,True,True,True,True,True,True,False,False,False
691,True,True,False,False,False,True,False,True,False,True,True,True,False,True,False,True
692,False,False,False,False,False,False,False,True,False,False,False,False,False,False,False,False
693,False,False,False,False,True,True,True,False,True,True,True,False,True,False,False,False
694,True,False,False,True,False,False,True,False,True,False,True,True,False,False,False,True
695,False,True,False,False,False,False,True,False,False,False,False,False,False,False,False,False
696,False,True,True,False,True,False,True,True,False,True,False,False,False,False,False,True
697,True,False,False,False,True,False,False,True,False,False,False,False,False,False,True,False
698,False,False,True,True,False,False,False,False,True,True,True,False,True,False,True,False
699,True,False,True,False,True,True,True,True,True,False,False,False,False,True,False,True
700,False,True,True,False,False,False,False,False,False,False,False,True,False,True,False,False
701,True,True,False,False,True,False,True,True,True,True,False,True,False,True,True,False
702,True,True,False,False,False,True,True,False,False,True,True,True,False,True,False,True
703,False,False,False,False,True,True,False,False,False,False,False,False,False,False,False,False
704,False,False,True,False,False,True,False,False,True,True,False,False,False,False,False,False
705,False,False,True,True,True,False,True,True,False,False,False,False,True,False,False,False
706,True,True,False,True,False,True,False,False,True,True,True,False,False,False,True,False
707,True,False,False,True,False,False,False,False,True,True,True,False,False,False,False,False
708,True,True,False,False,True,False,False,False,True,True,False,True,False,False,False,False
709,True,False,False,False,True,True,False,True,True,False,True,True,False,False,False,True
710,False,False,False,False,False,False,False,False,True,True,False,True,False,False,True,True
711,False,True,False,False,False,False,False,False,False,False,False,False,False,True,False,False
712,False,False,False,False,False,True,False,False,False,False,False,False,False,False,False,False
713,False,False,True,False,False,True,True,True,False,True,True,False,True,False,True,True
714,False,True,False,False,False,False,False,False,False,False,True,False,False,False,False,True
715,False,True,True,True,True,False,False,True,False,False,False,False,True,False,False,False
716,True,False,True,False,False,False,True,False,False,True,False,True,False,True,True,False
717,True,True,False,False,False,False,False,True,False,False,False,False,True,True,False,False
718,True,True,True,False,True,True,False,True,True,False,False,False,False,True,True,True
719,False,False,False,False,False,False,True,False,False,False,False,False,False,False,False,True
720,True,False,False,False,True,False,True,False,False,False,False,False,False,True,False,True
721,True,False,False,False,True,False,False,False,False,True,False,False,False,False,True,True
722,True,True,True,False,True,False,False,False,False,True,False,False,False,False,True,True
723,False,False,False,True,False,False,False,False,False,False,True,False,False,True,False,False
724,False,False,False,True,True,False,True,False,True,False,True,False,True,False,False,False
725,True,False,False,True,True,True,True,False,True,True,False,True,True,False,False,True
726,False,True,True,True,False,False,False,False,False,True,False,False,False,False,True,True
727,False,False,True,True,False,True,True,True,True,False,True,True,True,True,False,True
728,True,False,True,True,True,True,False,False,False,True,False,True,False,False,False,True
729,False,False,True,True,False,True,True,False,False,False,False,False,True,False,False,False
730,False,False,False,False,True,False,True,True,False,True,True,False,False,False,False,False
731,False,True,False,False,False,False,True,False,False,False,True,False,False,False,False,False
732,False,False,False,False,False,False,False,False,False,True,False,False,False,False,False,False
733,True,True,False,False,False,True,False,False,True,False,True,False,True,False,True,True
734,True,False,True,False,False,False,True,True,False,True,True,False,False,True,False,True
735,False,False,False,True,False,False,False,False,False,False,True,False,False,True,True,True
736,False,False,False,True,False,False,False,False,False,False,False,False,False,False,False,False
737,True,False,False,False,True,True,False,False,False,True,False,False,False,False,True,False
738,False,True,True,True,True,True,False,True,True,True,False,True,False,False,True,False
739,True,False,True,True,False,True,True,True,False,True,True,True,True,False,False,False
740,True,False,True,False,True,False,True,True,False,False,True,True,True,True,True,False
741,False,False,False,True,False,False,True,True,False,False,False,True,False,False,False,False
742,False,False,False,False,False,False,False,False,False,True,True,False,False,False,False,True
743,False,True,False,False,False,True,False,False,True,True,True,False,False,True,True,False
744,False,False,False,True,False,True,False,False,False,False,False,False,False,False,True,False
745,True,False,True,True,True,False,False,True,True,False,True,False,True,False,False,True
746,False,True,False,True,False,True,True,True,True,True,False,False,False,True,False,True
747,True,True,False,False,False,False,True,True,True,True,False,True,False,True,False,True
748,False,True,False,False,False,False,False,False,True,False,False,False,False,False,False,True
749,True,True,True,True,True,True,False,False,False,False,False,True,False,False,True,False
750,False,False,True,False,False,False,False,False,False,True,False,True,True,False,True,False
751,True,True,True,False,False,True,True,True,True,True,False,True,False,True,True,False
752,False,True,True,False,False,True,False,True,False,True,True,True,True,False,True,False
753,False,False,True,True,False,False,True,False,True,True,True,False,False,False,False,True
754,False,False,False,True,False,False,False,True,False,True,True,True,True,True,False,True
755,False,True,True,False,False,True,True,False,False,True,False,True,False,False,False,True
756,False,True,False,True,False,False,True,False,True,False,True,False,False,False,False,False
757,False,True,False,True,True,True,True,True,True,False,True,True,True,False,True,False
758,False,True,True,False,False,False,False,True,False,False,False,True,False,False,False,True
759,False,True,True,False,False,True,False,False,False,False,True,True,True,False,False,True
760,True,False,True,True,False,False,False,True,True,False,False,True,True,True,True,False
761,False,True,True,True,False,False,False,False,False,False,True,True,True,False,True,True
762,True,False,False,True,True,False,True,False,False,False,True,True,False,False,False,False
763,False,False,False,True,True,True,False,True,True,True,True,False,False,False,True,False
764,True,True,True,True,True,True,True,False,True,False,True,False,True,True,True,False
765,False,False,False,False,False,True,False,True,False,False,True,False,False,False,False,False
766,True,True,True,False,False,False,True,False,True,False,True,True,False,False,True,True
767,False,False,False,False,True,True,True,True,True,False,True,False,False,False,False,True
768,False,False,False,True,True,False,False,True,True,True,False,True,False,True,True,False
769,False,False,False,False,False,False,True,False,False,False,False,True,False,False,False,True
770,False,False,False,False,True,False,False,False,True,True,False,False,False,True,True,False
771,False,False,False,False,False,False,False,False,True,False,True,False,True,False,False,True
772,True,False,False,True,False,True,True,False,True,True,False,False,False,True,True,False
773,True,True,False,False,True,False,False,True,True,False,False,False,True,True,True,True
774,True,True,False,False,False,True,False,True,False,True,False,True,False,True,True,True
775,False,False,True,False,False,False,False,False,False,False,False,False,False,True,False,False
776,False,False,True,False,False,True,True,False,True,True,True,True,True,True,False,True
777,True,True,True,False,True,True,False,False,True,True,False,True,True,False,False,False
778,False,False,False,False,False,False,False,False,False,True,False,False,False,True,False,False
779,False,True,False,True,False,True,True,False,False,False,False,True,True,False,False,False
780,True,False,True,True,False,True,False,False,False,False,True,False,False,False,False,False
781,False,False,False,False,False,False,True,False,False,False,True,False,False,True,True,False
782,False,False,False,True,False,True,True,False,False,False,False,True,False,False,True,False
783,False,False,False,False,False,False,True,False,False,False,False,False,False,False,False,False
784,False,False,False,False,False,False,True,False,False,False,False,False,True,True,False,False
785,False,False,False,False,False,True,True,False,False,False,False,False,True,True,False,False
786,False,False,False,True,False,False,True,False,False,False,False,False,False,False,False,False
787,False,True,False,True,False,False,True,False,False,False,False,False,False,True,False,False
788,False,True,True,False,True,False,False,False,False,False,False,False,True,False,False,True
789,False,False,True,True,True,False,True,False,False,False,True,False,True,True,True,False
790,True,False,False,True,False,False,True,False,True,False,False,False,True,False,True,False
791,True,True,False,True,True,True,True,False,False,False,True,False,True,False,True,False
792,False,False,False,True,False,True,False,False,True,True,False,False,True,False,False,True
793,False,True,False,False,False,True,False,True,True,False,True,False,True,True,False,False
794,False,False,False,False,False,False,False,False,False,False,False,False,False,True,False,False
795,False,False,False,False,False,False,True,True,True,False,False,False,False,False,False,True
796,False,False,True,True,True,False,False,False,False,True,True,False,True,False,True,False
797,False,False,False,False,False,False,False,True,False,False,False,False,False,False,False,False
798,False,False,False,False,False,False,False,False,True,False,False,False,False,False,False,False
799,False,False,False,False,False,False,False,True,False,False,False,True,False,False,True,False
800,False,True,True,False,True,False,True,True,False,True,False,True,True,True,False,True
801,True,False,True,False,True,True,False,False,False,True,False,True,True,True,False,True
802,False,True,True,True,True,False,False,False,True,False,True,False,True,False,False,False
803,False,False,True,True,True,False,True,True,False,True,False,False,True,True,False,False
804,False,True,False,False,False,True,False,True,False,True,False,False,False,False,False,False
805,True,True,True,True,False,False,True,False,False,True,True,True,True,False,True,True
806,True,False,False,False,False,False,True,False,False,False,False,True,False,False,True,False
807,False,False,True,False,False,True,True,False,True,False,True,False,True,False,True,True
808,False,True,False,True,False,False,True,True,False,True,True,True,True,False,True,False
809,False,False,False,False,True,True,True,False,False,True,True,False,True,True,False,False
810,False,False,True,True,False,True,False,False,True,False,False,True,False,True,False,True
811,False,True,False,True,True,True,True,True,False,False,True,False,False,False,True,True
812,True,True,False,False,False,False,False,False,True,False,False,False,True,True,True,True
813,True,False,False,False,False,True,True,False,False,True,True,False,False,False,False,True
814,False,False,False,False,False,False,False,False,False,True,False,False,False,True,False,False
815,False,False,False,False,False,False,True,False,False,False,True,True,True,True,True,False
816,True,True,False,False,False,False,False,False,False,False,False,True,True,True,True,True
817,False,False,False,True,False,False,False,False,False,False,False,False,False,False,True,False
818,True,False,False,True,False,False,False,False,True,True,False,False,True,False,True,True
819,False,True,False,True,True,False,False,True,False,False,True,False,True,False,False,True
820,False,False,False,True,True,False,True,False,True,False,True,True,False,True,False,False
821,False,False,False,False,False,False,True,False,True,False,False,False,False,False,False,False
822,False,False,False,False,True,False,True,True,False,False,False,True,True,False,False,False
823,False,False,False,False,False,False,False,False,False,False,False,False,True,False,False,False
824,False,True,True,False,True,False,False,True,True,True,True,True,True,False,False,True
825,False,False,True,False,True,False,False,False,False,False,False,False,False,False,False,True
826,True,False,False,False,False,False,True,False,False,False,False,False,True,False,True,True
827,False,False,True,False,False,False,False,False,True,False,False,False,True,False,False,True
828,False,True,True,True,False,True,True,False,False,True,True,False,False,True,False,True
829,False,True,False,False,False,True,True,False,False,False,True,True,True,True,True,False
830,False,False,True,False,False,False,False,True,False,True,False,False,False,True,False,True
831,False,True,False,True,True,False,True,False,False,True,True,False,True,False,False,True
832,False,False,False,True,False,False,False,True,True,False,False,False,True,False,True,True
833,True,False,True,False,False,True,False,False,True,False,False,False,False,False,False,False
834,True,True,False,False,False,True,False,False,True,True,True,True,False,False,True,True
835,False,True,False,True,True,True,False,True,False,True,False,True,False,True,False,True
836,False,False,False,False,False,False,True,True,False,False,False,True,True,False,False,False
837,True,False,True,True,False,True,False,False,False,False,False,True,False,True,True,False
838,True,False,True,False,True,True,True,True,True,True,False,False,False,True,False,True
839,False,True,False,False,False,False,False,True,False,False,True,True,True,False,True,False
840,True,False,True,False,False,True,False,True,True,False,True,True,False,True,False,False
841,False,True,True,True,True,False,True,False,True,False,True,False,False,True,True,False
842,False,False,True,False,False,False,False,False,False,False,False,False,False,False,False,False
843,False,False,False,False,False,False,True,False,False,False,False,False,False,False,False,False
844,False,True,False,True,True,False,False,False,False,False,False,False,False,False,False,False
845,True,True,False,False,False,True,True,False,True,True,False,False,True,True,True,False
846,True,False,True,False,True,False,False,False,False,False,False,False,False,False,False,False
847,False,True,False,True,True,False,True,True,True,True,False,False,True,True,False,False
848,True,False,True,False,True,False,True,False,True,True,False,False,False,False,False,True
849,True,False,True,True,False,False,False,True,True,True,False,False,False,False,False,False
850,False,True,False,False,False,True,False,True,False,False,True,True,True,False,True,False
851,False,False,False,False,False,False,False,False,False,False,False,True,False,False,False,False
852,False,True,True,True,False,False,False,True,True,True,True,True,True,True,False,False
853,True,False,True,True,False,False,True,True,True,True,True,False,True,False,True,True
854,False,True,False,False,True,True,True,False,False,False,True,True,True,False,False,True
855,False,False,True,True,True,False,True,False,True,True,False,False,True,False,False,True
856,True,False,True,True,True,False,True,True,False,True,False,True,False,True,True,True
857,True,True,True,True,False,False,True,False,False,False,True,False,False,False,True,True
858,False,False,True,False,False,False,True,False,False,False,False,False,False,False,False,False
859,True,False,False,False,True,False,True,False,False,True,False,False,False,True,True,True
860,False,False,False,False,True,True,True,True,False,False,False,False,True,False,True,False
861,True,True,False,False,False,False,True,False,False,False,True,True,False,False,False,False
862,False,False,False,False,False,True,False,False,True,False,False,True,True,False,True,False
863,True,True,True,True,True,False,False,True,False,False,False,True,True,True,False,True
864,False,True,False,True,True,True,False,True,True,True,True,True,False,True,False,True
865,True,False,False,False,False,False,True,True,False,False,False,False,False,False,True,False
866,False,False,False,False,False,False,True,False,False,True,False,False,False,False,False,False
867,True,False,False,False,False,False,True,True,False,True,True,False,False,True,True,True
868,True,True,True,False,False,False,False,False,False,False,False,True,False,True,False,False
869,False,False,False,False,True,False,False,False,False,True,False,False,True,False,False,False
870,True,True,True,True,False,True,False,True,True,False,True,False,False,True,False,True
871,True,True,True,False,False,False,True,False,False,False,False,False,False,True,False,False
872,True,False,True,False,False,False,False,True,False,False,False,True,False,False,True,True
873,True,False,True,True,True,True,True,True,True,False,False,True,True,True,True,False
874,False,True,False,True,False,True,True,False,False,True,False,True,False,True,True,True
875,False,True,True,False,True,False,False,True,True,False,False,True,False,True,False,True
876,False,False,True,False,False,True,False,True,False,True,True,True,True,True,False,True
877,False,True,False,False,True,True,True,False,False,False,False,False,False,False,False,True
878,True,True,False,False,True,False,True,False,False,True,False,False,False,False,False,False
879,False,False,True,False,False,False,True,True,True,False,False,False,True,False,False,True
880,False,True,False,True,True,False,True,True,True,False,False,False,True,False,True,False
881,False,True,False,False,False,True,False,False,False,True,False,True,True,False,True,False
882,True,True,False,True,True,False,False,True,True,False,True,False,True,True,True,True
883,False,True,False,True,False,True,False,True,False,True,False,True,True,False,True,True
884,False,False,True,True,True,True,False,False,False,True,True,True,True,False,False,False
885,False,False,False,True,False,False,False,False,False,False,False,False,False,False,True,False
886,False,False,False,False,False,False,True,False,True,False,False,False,False,False,True,False
887,False,True,False,True,False,False,False,False,True,False,True,True,False,False,True,False
888,True,True,True,False,False,False,False,False,False,False,False,False,True,False,True,False
889,False,False,False,False,False,False,True,False,False,False,False,True,False,True,False,True
890,False,True,True,True,True,True,False,True,True,True,False,True,False,False,True,True
891,False,False,False,True,True,False,False,True,True,False,True,True,False,True,False,True
892,False,True,True,False,False,False,True,True,False,True,True,True,True,True,False,False
893,False,True,False,True,True,False,False,False,False,True,True,True,False,False,True,True
894,False,False,False,True,False,False,False,False,True,False,False,False,True,False,False,False
895,True,False,True,False,False,True,True,False,False,True,True,True,False,True,True,False
896,True,True,True,False,False,True,True,True,True,True,False,False,True,False,False,False
897,False,False,False,True,True,True,True,True,True,True,False,False,False,False,True,True
898,True,True,True,False,True,False,True,True,True,True,True,True,True,False,False,False
899,True,False,False,True,False,False,True,True,True,True,True,False,False,True,True,False
900,True,True,True,True,False,True,True,False,True,True,False,False,True,False,False,True
901,False,False,True,False,False,False,False,True,False,False,False,False,False,False,False,False
902,False,True,True,True,True,False,False,True,True,True,False,False,True,False,False,True
903,True,False,False,False,False,False,True,False,False,False,False,False,False,False,False,False
904,True,False,True,False,False,True,False,False,False,True,False,False,True,True,False,True
905,False,True,True,True,True,True,False,False,True,True,True,True,True,False,True,True
906,False,False,True,True,False,False,False,True,True,False,True,False,False,True,True,False
907,True,False,False,True,True,True,True,False,True,True,True,True,False,True,True,True
908,True,True,False,True,False,False,False,False,True,False,True,False,True,True,False,False
909,False,True,False,False,True,False,True,False,True,False,False,True,False,False,False,False
910,True,True,True,True,True,False,False,True,False,False,False,True,False,True,False,True
911,True,False,True,False,True,True,False,True,True,True,True,True,True,False,False,False
912,False,False,False,False,True,True,False,False,False,False,False,False,False,False,False,False
913,True,True,False,False,True,True,False,True,True,False,True,False,True,False,False,False
914,True,True,True,False,False,False,False,False,True,True,False,True,False,True,True,False
915,False,False,True,False,True,True,False,True,False,False,True,True,False,False,False,True
916,False,True,True,True,True,False,False,True,False,False,False,True,True,True,True,True
917,False,False,True,False,False,True,True,False,False,False,True,False,True,False,True,False
918,False,False,True,False,True,True,True,False,False,False,True,True,False,False,False,False
919,False,False,True,False,True,False,True,False,True,False,True,True,True,False,True,True
920,False,False,False,False,False,False,False,False,False,True,True,False,True,False,False,False
921,True,True,False,True,True,False,False,False,True,True,True,True,True,True,True,True
922,True,False,False,False,True,True,False,True,True,True,False,False,False,True,False,True
923,False,False,True,False,False,True,True,False,True,False,False,False,False,False,True,False
924,False,True,True,False,False,False,False,True,True,True,False,False,False,True,False,False
925,False,False,True,False,True,True,False,True,False,True,False,True,False,True,False,True
926,False,False,False,False,False,False,False,True,False,False,True,True,False,False,False,True
927,True,True,True,False,False,False,False,True,True,False,True,True,True,True,True,True
928,False,False,True,False,False,False,False,True,True,False,False,False,True,True,False,False
929,False,False,True,False,False,True,True,True,False,True,True,False,False,True,True,True
930,True,True,False,True,False,False,False,False,False,False,True,True,False,False,False,False
931,True,True,False,False,True,False,False,True,False,False,True,True,True,True,False,False
932,True,False,True,True,True,True,False,False,False,False,True,False,True,False,True,True
933,True,True,False,False,True,True,True,False,True,True,False,False,False,False,True,True
934,False,False,False,True,False,False,False,False,True,False,False,True,False,False,False,True
935,False,False,False,True,False,True,False,False,False,True,True,False,False,False,False,True
936,False,False,False,True,False,False,True,False,False,False,False,True,True,True,True,False
937,True,False,False,False,False,True,False,False,True,True,False,False,False,False,False,False
938,True,True,True,True,True,True,True,False,False,True,False,False,False,True,True,True
939,False,False,True,False,True,False,False,False,False,False,False,False,False,False,False,False
940,False,True,True,True,False,False,False,False,True,False,True,False,True,True,False,True
941,True,False,True,True,False,False,True,False,False,False,False,True,True,False,True,False
942,True,True,False,True,False,True,True,True,False,True,False,True,False,True,True,True
943,False,True,False,False,True,False,False,False,False,False,False,False,False,True,False,False
944,True,False,False,True,True,True,True,False,True,False,False,True,True,True,False,True
945,False,False,False,False,False,False,True,False,True,False,True,False,False,False,True,False
946,False,True,True,False,False,True,False,True,True,False,False,False,True,False,False,False
947,True,False,False,False,False,True,False,False,False,True,False,False,True,True,False,False
948,False,False,False,False,False,True,False,False,False,False,True,False,False,False,False,False
949,False,True,True,True,True,False,True,False,True,True,False,True,True,True,False,False
950,False,True,False,False,False,False,False,True,False,False,False,False,False,True,False,False
951,True,True,True,True,True,True,False,True,True,False,True,True,True,False,False,False
952,False,True,True,False,True,True,False,True,True,True,True,False,True,False,True,False
953,False,True,True,True,True,False,False,False,False,True,False,False,False,False,False,True
954,False,True,False,True,False,False,False,False,False,True,False,False,False,True,True,True
955,True,False,False,True,True,True,True,True,True,True,True,False,True,True,False,False
956,True,False,False,False,False,True,False,True,True,False,False,False,False,False,False,False
957,False,False,False,True,True,True,True,True,True,True,False,False,True,False,False,False
958,False,True,True,False,True,False,True,False,True,True,True,False,False,True,True,False
959,True,False,False,False,True,True,True,False,False,True,False,False,True,False,False,False
960,False,False,False,False,False,False,True,False,False,False,False,False,False,False,False,False
961,True,False,False,True,False,True,False,True,True,True,False,True,True,True,True,False
962,True,True,False,True,True,False,True,True,True,True,True,False,False,False,True,False
963,False,True,False,True,False,False,True,False,True,False,False,False,True,True,True,True
964,True,True,False,False,False,False,False,False,True,True,True,False,True,True,True,True
965,False,True,True,True,False,False,False,True,True,False,True,False,False,False,True,True
966,False,False,True,False,False,False,True,True,True,True,True,True,True,False,True,True
967,True,False,True,False,True,False,False,True,False,False,True,False,False,True,False,False
968,True,True,True,False,True,False,False,True,False,False,True,True,False,False,False,True
969,False,True,True,False,True,False,True,True,True,True,True,False,False,True,True,False
970,True,False,True,False,True,True,False,False,False,True,True,True,False,True,True,True
971,True,False,True,False,False,True,False,False,True,True,True,False,False,True,False,True
972,False,False,True,False,True,True,False,False,False,False,False,False,False,True,True,False
973,False,True,True,False,False,True,False,True,True,True,True,True,False,False,True,True
974,False,False,False,False,True,False,False,False,False,True,True,True,True,False,True,True
975,False,True,True,True,False,True,True,True,True,False,False,False,False,True,False,True
976,False,False,False,False,False,False,False,False,False,False,False,False,False,False,True,False
977,False,True,False,False,False,False,False,True,False,False,False,False,False,False,False,True
978,False,True,True,True,True,False,False,True,True,True,True,False,True,False,False,False
979,False,False,True,False,False,False,False,False,False,False,False,True,False,False,False,False
980,False,False,True,False,False,False,False,False,False,False,False,True,False,False,True,True
981,True,True,True,False,True,False,True,True,True,False,True,False,False,True,True,True
982,False,False,False,False,True,True,False,False,False,False,False,True,False,False,False,False
983,True,False,False,False,False,False,True,False,True,True,False,False,False,False,False,False
984,True,False,True,True,False,True,True,True,True,False,False,False,True,True,False,True
985,False,True,False,True,False,True,True,True,True,True,True,True,True,True,True,False
986,False,False,False,False,False,False,False,False,False,False,True,False,True,False,False,False
987,True,True,True,False,False,False,False,True,False,True,True,False,False,True,False,False
988,True,True,False,False,True,True,False,False,True,False,False,True,True,False,True,True
989,False,False,False,False,False,False,True,False,False,False,False,False,False,False,False,False
990,False,False,True,True,False,False,True,False,False,True,True,True,True,True,False,False
991,False,True,False,False,False,True,False,True,False,True,True,False,False,True,False,True
992,True,False,True,False,True,False,False,True,True,False,False,False,True,False,False,False
993,False,False,True,False,False,True,False,False,False,False,False,True,True,True,False,True
994,False,True,False,False,False,False,True,False,False,False,False,False,False,True,False,True
995,True,False,False,False,True,False,False,False,True,True,True,False,False,False,True,False
996,True,False,False,False,True,True,False,False,False,False,False,False,True,False,False,True
997,False,False,True,True,True,False,True,True,True,False,True,False,True,False,True,True
998,False,False,False,False,False,False,False,False,False,True,False,False,False,False,False,True
